rental_id,rental_date,customer_id
1158,2005-06-14 22:53:33,416
1159,2005-06-14 22:55:13,516
1160,2005-06-14 23:00:34,239
1161,2005-06-14 23:07:08,285
1162,2005-06-14 23:09:38,310
1163,2005-06-14 23:12:46,592
1164,2005-06-14 23:16:26,49
1165,2005-06-14 23:16:27,264
1166,2005-06-14 23:17:03,46
1167,2005-06-14 23:25:58,323
1168,2005-06-14 23:35:09,481
1169,2005-06-14 23:42:56,139
1170,2005-06-14 23:47:35,595
1171,2005-06-14 23:50:11,284
1172,2005-06-14 23:54:34,306
1173,2005-06-14 23:54:46,191
1174,2005-06-15 00:12:51,95
1175,2005-06-15 00:15:15,197
1176,2005-06-15 00:28:37,512
1177,2005-06-15 00:33:04,210
1178,2005-06-15 00:36:40,279
1179,2005-06-15 00:36:50,119
1180,2005-06-15 00:39:01,432
1181,2005-06-15 00:42:17,546
1182,2005-06-15 00:45:21,196
1183,2005-06-15 00:49:19,329
1184,2005-06-15 00:49:36,295
1185,2005-06-15 00:54:12,1
1186,2005-06-15 00:56:45,368
1187,2005-06-15 00:58:50,334
1188,2005-06-15 01:04:07,173
1189,2005-06-15 01:04:22,244
1190,2005-06-15 01:05:32,370
1191,2005-06-15 01:10:35,291
1192,2005-06-15 01:18:39,186
1193,2005-06-15 01:24:20,561
1194,2005-06-15 01:25:08,402
1195,2005-06-15 01:37:38,84
1196,2005-06-15 01:38:31,52
1197,2005-06-15 01:42:46,349
1198,2005-06-15 01:48:58,491
1199,2005-06-15 01:58:50,238
1200,2005-06-15 01:59:51,516
1201,2005-06-15 02:06:28,209
1202,2005-06-15 02:08:04,451
1203,2005-06-15 02:09:02,452
1204,2005-06-15 02:21:46,249
1205,2005-06-15 02:25:56,340
1206,2005-06-15 02:27:07,264
1207,2005-06-15 02:27:08,430
1208,2005-06-15 02:30:03,376
1209,2005-06-15 02:31:12,146
1210,2005-06-15 02:57:51,345
1211,2005-06-15 03:01:20,122
1212,2005-06-15 03:03:33,371
1213,2005-06-15 03:14:05,94
1214,2005-06-15 03:18:40,46
1215,2005-06-15 03:21:00,102
1216,2005-06-15 03:23:48,100
1217,2005-06-15 03:24:14,203
1218,2005-06-15 03:24:44,371
1219,2005-06-15 03:25:59,330
1220,2005-06-15 03:26:15,290
1221,2005-06-15 03:35:16,403
1222,2005-06-15 03:38:49,168
1223,2005-06-15 03:38:53,50
1224,2005-06-15 03:44:25,369
1225,2005-06-15 03:45:35,434
1226,2005-06-15 03:46:10,409
1227,2005-06-15 03:50:03,428
1228,2005-06-15 03:50:36,398
1229,2005-06-15 03:53:13,468
1230,2005-06-15 04:04:09,447
1231,2005-06-15 04:04:41,302
1232,2005-06-15 04:18:10,391
1233,2005-06-15 04:18:37,550
1234,2005-06-15 04:21:52,529
1235,2005-06-15 04:31:28,255
1236,2005-06-15 04:34:27,66
1237,2005-06-15 04:44:10,49
1238,2005-06-15 04:49:08,205
1239,2005-06-15 04:53:01,444
1240,2005-06-15 04:58:07,28
1241,2005-06-15 04:59:43,62
1242,2005-06-15 05:05:07,141
1243,2005-06-15 05:07:32,107
1244,2005-06-15 05:08:40,515
1245,2005-06-15 05:09:01,234
1246,2005-06-15 05:11:19,357
1247,2005-06-15 05:16:40,287
1248,2005-06-15 05:33:52,544
1249,2005-06-15 05:38:09,403
1250,2005-06-15 05:55:40,38
1251,2005-06-15 05:58:55,442
1252,2005-06-15 06:05:18,89
1253,2005-06-15 06:06:33,498
1254,2005-06-15 06:11:16,571
1255,2005-06-15 06:13:45,526
1256,2005-06-15 06:13:57,470
1257,2005-06-15 06:15:36,267
1258,2005-06-15 06:21:30,320
1259,2005-06-15 06:37:55,570
1260,2005-06-15 06:42:25,586
1261,2005-06-15 06:52:57,95
1262,2005-06-15 06:54:53,236
1263,2005-06-15 06:56:39,540
1264,2005-06-15 06:59:39,439
1265,2005-06-15 07:00:50,163
1266,2005-06-15 07:11:39,96
1267,2005-06-15 07:21:21,509
1268,2005-06-15 07:29:30,142
1269,2005-06-15 07:29:59,59
1270,2005-06-15 07:30:22,395
1271,2005-06-15 07:32:24,560
1272,2005-06-15 07:42:58,135
1273,2005-06-15 07:52:35,530
1274,2005-06-15 07:52:52,430
1275,2005-06-15 07:55:43,214
1276,2005-06-15 08:00:13,388
1277,2005-06-15 08:01:29,464
1278,2005-06-15 08:09:12,191
1279,2005-06-15 08:13:57,183
1280,2005-06-15 08:16:06,266
1281,2005-06-15 08:21:39,511
1282,2005-06-15 08:25:33,539
1283,2005-06-15 08:27:30,470
1284,2005-06-15 08:27:33,463
1285,2005-06-15 08:33:06,254
1286,2005-06-15 08:41:13,179
1287,2005-06-15 08:41:38,104
1288,2005-06-15 08:41:52,456
1289,2005-06-15 08:44:09,522
1290,2005-06-15 08:52:44,540
1291,2005-06-15 08:55:01,176
1292,2005-06-15 09:03:52,178
1293,2005-06-15 09:06:24,127
1294,2005-06-15 09:09:27,327
1295,2005-06-15 09:17:20,449
1296,2005-06-15 09:23:59,200
1297,2005-06-15 09:31:28,4
1298,2005-06-15 09:32:53,334
1299,2005-06-15 09:34:50,91
1300,2005-06-15 09:36:19,186
1301,2005-06-15 09:46:33,33
1302,2005-06-15 09:48:37,285
1303,2005-06-15 09:55:57,365
1304,2005-06-15 09:56:02,242
1305,2005-06-15 09:59:16,8
1306,2005-06-15 09:59:24,524
1307,2005-06-15 10:06:15,507
1308,2005-06-15 10:07:48,236
1309,2005-06-15 10:10:49,200
1310,2005-06-15 10:11:42,27
1311,2005-06-15 10:11:59,326
1312,2005-06-15 10:16:27,313
1313,2005-06-15 10:18:34,448
1314,2005-06-15 10:21:45,538
1315,2005-06-15 10:23:08,405
1316,2005-06-15 10:26:23,138
1317,2005-06-15 10:30:19,316
1318,2005-06-15 10:34:26,341
1319,2005-06-15 10:39:05,190
1320,2005-06-15 10:42:13,84
1321,2005-06-15 10:49:17,204
1322,2005-06-15 10:55:09,217
1323,2005-06-15 10:55:17,187
1324,2005-06-15 11:02:45,394
1325,2005-06-15 11:03:24,193
1326,2005-06-15 11:07:39,548
1327,2005-06-15 11:11:39,539
1328,2005-06-15 11:23:27,295
1329,2005-06-15 11:25:06,359
1330,2005-06-15 11:29:17,587
1331,2005-06-15 11:34:33,277
1332,2005-06-15 11:36:01,116
1333,2005-06-15 11:37:08,310
1334,2005-06-15 11:43:09,269
1335,2005-06-15 11:51:30,64
1336,2005-06-15 12:01:34,290
1337,2005-06-15 12:12:42,465
1338,2005-06-15 12:17:34,25
1339,2005-06-15 12:21:56,162
1340,2005-06-15 12:24:15,100
1341,2005-06-15 12:26:18,344
1342,2005-06-15 12:26:21,427
1343,2005-06-15 12:27:19,416
1344,2005-06-15 12:29:41,585
1345,2005-06-15 12:32:13,270
1346,2005-06-15 12:39:52,585
1347,2005-06-15 12:43:43,190
1348,2005-06-15 12:45:30,196
1349,2005-06-15 12:49:02,267
1350,2005-06-15 12:50:25,316
1351,2005-06-15 12:51:03,484
1352,2005-06-15 12:58:27,276
1353,2005-06-15 13:13:36,480
1354,2005-06-15 13:13:49,83
1355,2005-06-15 13:13:59,499
1356,2005-06-15 13:17:01,212
1357,2005-06-15 13:26:23,205
1358,2005-06-15 13:28:48,442
1359,2005-06-15 13:30:30,353
1360,2005-06-15 13:32:15,14
1361,2005-06-15 13:37:38,115
1362,2005-06-15 13:53:32,98
1363,2005-06-15 14:05:11,197
1364,2005-06-15 14:05:32,400
1365,2005-06-15 14:09:55,25
1366,2005-06-15 14:21:00,576
1367,2005-06-15 14:25:17,94
1368,2005-06-15 14:27:47,222
1369,2005-06-15 14:29:14,221
1370,2005-06-15 14:31:05,396
1371,2005-06-15 14:38:15,491
1372,2005-06-15 14:45:48,108
1373,2005-06-15 14:48:04,51
1374,2005-06-15 14:49:54,120
1375,2005-06-15 14:54:56,500
1376,2005-06-15 14:59:06,215
1377,2005-06-15 15:02:03,245
1378,2005-06-15 15:03:15,253
1379,2005-06-15 15:05:10,212
1380,2005-06-15 15:13:10,158
1381,2005-06-15 15:17:21,300
1382,2005-06-15 15:18:08,455
1383,2005-06-15 15:20:06,379
1384,2005-06-15 15:22:03,242
1385,2005-06-15 15:28:23,396
1386,2005-06-15 15:38:58,322
1387,2005-06-15 15:40:56,278
1388,2005-06-15 15:48:41,500
1389,2005-06-15 15:49:01,472
1390,2005-06-15 16:06:29,254
1391,2005-06-15 16:11:21,273
1392,2005-06-15 16:12:27,460
1393,2005-06-15 16:12:50,177
1394,2005-06-15 16:17:21,268
1395,2005-06-15 16:21:04,252
1396,2005-06-15 16:22:38,103
1397,2005-06-15 16:25:26,444
1398,2005-06-15 16:28:42,527
1399,2005-06-15 16:29:51,469
1400,2005-06-15 16:29:56,571
1401,2005-06-15 16:30:22,366
1402,2005-06-15 16:31:08,381
1403,2005-06-15 16:31:59,546
1404,2005-06-15 16:38:53,375
1405,2005-06-15 16:41:26,243
1406,2005-06-15 16:44:00,199
1407,2005-06-15 16:45:07,89
1408,2005-06-15 16:57:58,396
1409,2005-06-15 16:58:12,297
1410,2005-06-15 16:59:46,356
1411,2005-06-15 17:05:36,520
1412,2005-06-15 17:09:48,166
1413,2005-06-15 17:25:07,96
1414,2005-06-15 17:26:32,304
1415,2005-06-15 17:31:57,331
1416,2005-06-15 17:44:57,167
1417,2005-06-15 17:45:51,570
1418,2005-06-15 17:51:27,591
1419,2005-06-15 17:54:50,312
1420,2005-06-15 17:56:14,255
1421,2005-06-15 17:57:04,533
1422,2005-06-15 18:02:53,1
1423,2005-06-15 18:08:12,592
1424,2005-06-15 18:08:14,224
1425,2005-06-15 18:13:46,108
1426,2005-06-15 18:16:24,363
1427,2005-06-15 18:17:28,100
1428,2005-06-15 18:19:30,583
1429,2005-06-15 18:24:10,362
1430,2005-06-15 18:24:55,194
1431,2005-06-15 18:26:29,438
1432,2005-06-15 18:27:24,339
1433,2005-06-15 18:30:00,88
1434,2005-06-15 18:30:46,544
1435,2005-06-15 18:32:30,510
1436,2005-06-15 18:35:40,584
1437,2005-06-15 18:37:04,96
1438,2005-06-15 18:38:51,82
1439,2005-06-15 18:45:32,589
1440,2005-06-15 18:53:14,26
1441,2005-06-15 18:54:21,444
1442,2005-06-15 18:55:34,122
1443,2005-06-15 18:57:51,435
1444,2005-06-15 19:08:16,539
1445,2005-06-15 19:10:07,537
1446,2005-06-15 19:13:45,506
1447,2005-06-15 19:13:51,471
1448,2005-06-15 19:17:16,246
1449,2005-06-15 19:19:16,471
1450,2005-06-15 19:22:08,268
1451,2005-06-15 19:30:18,18
1452,2005-06-15 19:32:52,243
1453,2005-06-15 19:36:39,457
1454,2005-06-15 19:49:41,298
1455,2005-06-15 19:51:06,358
1456,2005-06-15 20:00:11,590
1457,2005-06-15 20:05:49,345
1458,2005-06-15 20:24:05,178
1459,2005-06-15 20:25:53,218
1460,2005-06-15 20:27:02,565
1461,2005-06-15 20:32:08,216
1462,2005-06-15 20:37:40,187
1463,2005-06-15 20:37:51,569
1464,2005-06-15 20:38:14,387
1465,2005-06-15 20:43:08,387
1466,2005-06-15 20:46:04,288
1467,2005-06-15 20:47:10,506
1468,2005-06-15 20:48:22,230
1469,2005-06-15 20:52:36,580
1470,2005-06-15 20:53:07,11
1471,2005-06-15 20:53:26,428
1472,2005-06-15 20:54:55,373
1473,2005-06-15 20:55:20,249
1474,2005-06-15 20:55:42,202
1475,2005-06-15 21:08:01,344
1476,2005-06-15 21:08:46,1
1477,2005-06-15 21:11:18,51
1478,2005-06-15 21:12:13,336
1479,2005-06-15 21:13:38,592
1480,2005-06-15 21:17:17,27
1481,2005-06-15 21:17:58,125
1482,2005-06-15 21:18:16,60
1483,2005-06-15 21:21:58,242
1484,2005-06-15 21:22:35,320
1485,2005-06-15 21:24:10,281
1486,2005-06-15 21:25:30,62
1487,2005-06-15 21:27:42,76
1488,2005-06-15 21:39:54,355
1489,2005-06-15 21:41:38,213
1490,2005-06-15 21:42:17,123
1491,2005-06-15 21:48:18,354
1492,2005-06-15 21:48:35,360
1493,2005-06-15 21:50:32,235
1494,2005-06-15 21:54:20,575
1495,2005-06-15 21:54:31,175
1496,2005-06-15 21:55:58,290
1497,2005-06-15 21:56:39,44
1498,2005-06-15 21:58:00,352
1499,2005-06-15 21:58:07,375
1500,2005-06-15 22:00:45,237
1501,2005-06-15 22:02:35,148
1502,2005-06-15 22:03:14,5
1503,2005-06-15 22:07:09,197
1504,2005-06-15 22:08:06,423
1505,2005-06-15 22:12:50,561
1506,2005-06-15 22:19:37,404
1507,2005-06-15 22:25:26,172
1508,2005-06-15 22:33:24,511
1509,2005-06-15 22:35:53,167
1510,2005-06-15 22:39:34,338
1511,2005-06-15 22:45:06,330
1512,2005-06-15 22:53:03,452
1513,2005-06-15 22:53:30,368
1514,2005-06-15 22:57:34,410
1515,2005-06-15 23:07:50,115
1516,2005-06-15 23:11:10,530
1517,2005-06-15 23:20:26,148
1518,2005-06-15 23:36:37,237
1519,2005-06-15 23:55:27,155
1520,2005-06-15 23:57:20,341
1521,2005-06-15 23:58:53,149
1522,2005-06-16 00:17:39,133
1523,2005-06-16 00:18:40,349
1524,2005-06-16 00:25:52,177
1525,2005-06-16 00:26:07,304
1526,2005-06-16 00:27:51,499
1527,2005-06-16 00:31:40,188
1528,2005-06-16 00:32:52,110
1529,2005-06-16 00:37:35,362
1530,2005-06-16 00:38:07,392
1531,2005-06-16 00:40:34,515
1532,2005-06-16 00:41:31,290
1533,2005-06-16 00:46:02,116
1534,2005-06-16 00:49:32,42
1535,2005-06-16 00:52:04,202
1536,2005-06-16 00:52:22,339
1537,2005-06-16 00:52:51,594
1538,2005-06-16 01:05:50,430
1539,2005-06-16 01:11:25,390
1540,2005-06-16 01:14:56,586
1541,2005-06-16 01:15:59,189
1542,2005-06-16 01:20:05,182
1543,2005-06-16 01:24:08,28
1544,2005-06-16 01:28:22,43
1545,2005-06-16 01:31:23,563
1546,2005-06-16 01:34:05,3
1547,2005-06-16 01:42:24,343
1548,2005-06-16 01:43:33,374
1549,2005-06-16 01:57:15,69
1550,2005-06-16 01:58:35,345
1551,2005-06-16 02:01:15,268
1552,2005-06-16 02:01:37,518
1553,2005-06-16 02:02:44,416
1554,2005-06-16 02:16:47,155
1555,2005-06-16 02:17:07,256
1556,2005-06-16 02:19:02,54
1557,2005-06-16 02:28:35,439
1558,2005-06-16 02:33:53,20
1559,2005-06-16 02:35:03,574
1560,2005-06-16 02:36:43,239
1561,2005-06-16 02:41:30,431
1562,2005-06-16 02:46:27,395
1563,2005-06-16 02:46:28,262
1564,2005-06-16 02:47:07,343
1565,2005-06-16 03:13:09,506
1566,2005-06-16 03:13:20,174
1567,2005-06-16 03:13:30,320
1568,2005-06-16 03:14:01,178
1569,2005-06-16 03:19:09,363
1570,2005-06-16 03:21:33,82
1571,2005-06-16 03:22:00,54
1572,2005-06-16 03:23:22,560
1573,2005-06-16 03:31:39,371
1574,2005-06-16 03:39:56,305
1575,2005-06-16 03:41:38,6
1576,2005-06-16 03:54:39,442
1577,2005-06-16 04:03:28,327
1578,2005-06-16 04:08:16,365
1579,2005-06-16 04:09:08,35
1580,2005-06-16 04:12:25,87
1581,2005-06-16 04:28:45,109
1582,2005-06-16 04:31:57,536
1583,2005-06-16 04:44:23,37
1584,2005-06-16 04:50:50,434
1585,2005-06-16 04:51:13,386
1586,2005-06-16 04:51:18,140
1587,2005-06-16 04:52:28,62
1588,2005-06-16 04:53:21,322
1589,2005-06-16 04:58:03,293
1590,2005-06-16 05:11:41,98
1591,2005-06-16 05:12:37,83
1592,2005-06-16 05:14:37,187
1593,2005-06-16 05:14:52,111
1594,2005-06-16 05:15:12,470
1595,2005-06-16 05:23:46,244
1596,2005-06-16 05:30:58,416
1597,2005-06-16 05:47:03,432
1598,2005-06-16 06:02:39,314
1599,2005-06-16 06:03:33,215
1600,2005-06-16 06:04:12,196
1601,2005-06-16 06:11:13,428
1602,2005-06-16 06:12:40,441
1603,2005-06-16 06:14:03,395
1604,2005-06-16 06:14:25,272
1605,2005-06-16 06:17:55,197
1606,2005-06-16 06:18:31,253
1607,2005-06-16 06:25:35,513
1608,2005-06-16 06:28:57,386
1609,2005-06-16 06:34:59,174
1610,2005-06-16 06:36:33,534
1611,2005-06-16 06:41:35,393
1612,2005-06-16 06:52:05,355
1613,2005-06-16 06:55:10,573
1614,2005-06-16 06:58:02,489
1615,2005-06-16 07:00:28,362
1616,2005-06-16 07:04:52,204
1617,2005-06-16 07:06:06,83
1618,2005-06-16 07:08:38,134
1619,2005-06-16 07:14:13,232
1620,2005-06-16 07:21:30,561
1621,2005-06-16 07:24:12,177
1622,2005-06-16 07:33:18,311
1623,2005-06-16 07:48:50,378
1624,2005-06-16 07:48:57,314
1625,2005-06-16 07:49:08,39
1626,2005-06-16 07:49:47,260
1627,2005-06-16 07:51:09,468
1628,2005-06-16 07:52:55,427
1629,2005-06-16 07:53:47,339
1630,2005-06-16 07:55:01,130
1631,2005-06-16 08:01:02,5
1632,2005-06-16 08:03:42,319
1633,2005-06-16 08:08:40,4
1634,2005-06-16 08:16:05,121
1635,2005-06-16 08:26:56,566
1636,2005-06-16 08:28:54,574
1637,2005-06-16 08:29:58,212
1638,2005-06-16 08:32:36,181
1639,2005-06-16 08:33:39,450
1640,2005-06-16 08:35:39,86
1641,2005-06-16 08:46:26,259
1642,2005-06-16 08:54:15,287
1643,2005-06-16 08:55:35,484
1644,2005-06-16 08:58:18,596
1645,2005-06-16 09:10:06,234
1646,2005-06-16 09:12:53,131
1647,2005-06-16 09:14:58,454
1648,2005-06-16 09:17:07,427
1649,2005-06-16 09:20:33,352
1650,2005-06-16 09:23:20,299
1651,2005-06-16 09:24:38,524
1652,2005-06-16 09:31:37,533
1653,2005-06-16 09:34:45,517
1654,2005-06-16 09:42:48,348
1655,2005-06-16 09:51:39,488
1656,2005-06-16 10:05:40,31
1657,2005-06-16 10:06:49,209
1658,2005-06-16 10:07:10,568
1659,2005-06-16 10:11:46,296
1660,2005-06-16 10:12:55,238
1661,2005-06-16 10:12:57,508
1662,2005-06-16 10:13:35,378
1663,2005-06-16 10:14:15,186
1664,2005-06-16 10:15:20,216
1665,2005-06-16 10:16:02,490
1666,2005-06-16 10:17:19,557
1667,2005-06-16 10:18:59,333
1668,2005-06-16 10:19:52,569
1669,2005-06-16 10:20:20,73
1670,2005-06-16 10:26:33,328
1671,2005-06-16 10:30:22,135
1672,2005-06-16 10:37:34,216
1673,2005-06-16 10:40:17,534
1674,2005-06-16 10:57:00,234
1675,2005-06-16 11:04:47,371
1676,2005-06-16 11:06:09,171
1677,2005-06-16 11:07:11,191
1678,2005-06-16 11:08:28,352
1679,2005-06-16 11:11:01,227
1680,2005-06-16 11:17:22,469
1681,2005-06-16 11:38:17,255
1682,2005-06-16 11:54:25,476
1683,2005-06-16 11:54:55,494
1684,2005-06-16 11:57:34,485
1685,2005-06-16 12:06:57,85
1686,2005-06-16 12:08:20,529
1687,2005-06-16 12:09:20,140
1688,2005-06-16 12:11:20,49
1689,2005-06-16 12:18:41,48
1690,2005-06-16 12:24:18,286
1691,2005-06-16 12:24:28,492
1692,2005-06-16 12:30:19,514
1693,2005-06-16 12:39:51,421
1694,2005-06-16 12:40:23,532
1695,2005-06-16 12:40:28,159
1696,2005-06-16 12:50:01,502
1697,2005-06-16 12:55:20,340
1698,2005-06-16 13:04:42,407
1699,2005-06-16 13:05:09,27
1700,2005-06-16 13:18:23,456
1701,2005-06-16 13:18:48,315
1702,2005-06-16 13:21:05,242
1703,2005-06-16 13:28:44,589
1704,2005-06-16 13:45:56,488
1705,2005-06-16 13:59:42,564
1706,2005-06-16 14:01:02,26
1707,2005-06-16 14:01:27,4
1708,2005-06-16 14:08:44,478
1709,2005-06-16 14:10:15,426
1710,2005-06-16 14:11:24,77
1711,2005-06-16 14:11:52,347
1712,2005-06-16 14:25:09,535
1713,2005-06-16 14:28:33,164
1714,2005-06-16 14:29:59,477
1715,2005-06-16 14:37:12,203
1716,2005-06-16 14:39:31,24
1717,2005-06-16 14:47:16,277
1718,2005-06-16 14:52:02,516
1719,2005-06-16 14:55:53,582
1720,2005-06-16 15:00:14,543
1721,2005-06-16 15:01:36,485
1722,2005-06-16 15:12:52,364
1723,2005-06-16 15:14:18,259
1724,2005-06-16 15:15:43,146
1725,2005-06-16 15:18:57,1
1726,2005-06-16 15:19:10,3
1727,2005-06-16 15:21:47,457
1728,2005-06-16 15:29:29,59
1729,2005-06-16 15:29:47,523
1730,2005-06-16 15:30:01,390
1731,2005-06-16 15:32:12,344
1732,2005-06-16 15:34:41,129
1733,2005-06-16 15:37:07,480
1734,2005-06-16 15:49:30,94
1735,2005-06-16 15:51:52,4
1736,2005-06-16 15:52:32,139
1737,2005-06-16 15:59:44,467
1738,2005-06-16 16:07:27,177
1739,2005-06-16 16:09:38,450
1740,2005-06-16 16:29:00,324
1741,2005-06-16 16:31:37,176
1742,2005-06-16 16:37:48,576
1743,2005-06-16 16:38:10,258
1744,2005-06-16 16:39:58,230
1745,2005-06-16 16:41:16,178
1746,2005-06-16 16:41:19,385
1747,2005-06-16 16:53:33,273
1748,2005-06-16 16:54:03,473
1749,2005-06-16 16:56:00,283
1750,2005-06-16 16:57:36,321
1751,2005-06-16 17:00:14,123
1752,2005-06-16 17:02:55,12
1753,2005-06-16 17:08:17,249
1754,2005-06-16 17:13:23,25
1755,2005-06-16 17:18:44,117
1756,2005-06-16 17:22:33,571
1757,2005-06-16 17:32:24,510
1758,2005-06-16 17:39:39,474
1759,2005-06-16 17:46:37,430
1760,2005-06-16 17:48:37,261
1761,2005-06-16 17:49:57,521
1762,2005-06-16 17:50:19,116
1763,2005-06-16 17:51:01,389
1764,2005-06-16 17:51:54,392
1765,2005-06-16 17:56:10,273
1766,2005-06-16 17:59:37,118
1767,2005-06-16 18:01:36,205
1768,2005-06-16 18:02:06,131
1769,2005-06-16 18:07:48,397
1770,2005-06-16 18:07:55,359
1771,2005-06-16 18:12:17,416
1772,2005-06-16 18:12:54,525
1773,2005-06-16 18:13:43,462
1774,2005-06-16 18:27:52,442
1775,2005-06-16 18:28:19,123
1776,2005-06-16 18:46:58,472
1777,2005-06-16 18:52:12,49
1778,2005-06-16 18:54:48,341
1779,2005-06-16 18:55:11,438
1780,2005-06-16 19:11:45,352
1781,2005-06-16 19:20:24,429
1782,2005-06-16 19:21:12,498
1783,2005-06-16 19:23:23,18
1784,2005-06-16 19:25:32,134
1785,2005-06-16 19:27:12,50
1786,2005-06-16 19:30:54,323
1787,2005-06-16 19:30:59,546
1788,2005-06-16 19:47:18,357
1789,2005-06-16 19:49:18,105
1790,2005-06-16 19:58:40,158
1791,2005-06-16 20:04:28,76
1792,2005-06-16 20:04:50,351
1793,2005-06-16 20:07:27,230
1794,2005-06-16 20:08:37,452
1795,2005-06-16 20:09:01,56
1796,2005-06-16 20:10:43,283
1797,2005-06-16 20:13:03,275
1798,2005-06-16 20:16:15,429
1799,2005-06-16 20:17:20,505
1800,2005-06-16 20:18:46,149
1801,2005-06-16 20:21:53,10
1802,2005-06-16 20:23:30,455
1803,2005-06-16 20:32:47,127
1804,2005-06-16 20:33:15,570
1805,2005-06-16 20:36:00,208
1806,2005-06-16 20:41:57,45
1807,2005-06-16 20:58:59,338
1808,2005-06-16 20:59:35,466
1809,2005-06-16 21:00:20,517
1810,2005-06-16 21:06:00,7
1811,2005-06-16 21:06:20,235
1812,2005-06-16 21:08:46,37
1813,2005-06-16 21:11:00,259
1814,2005-06-16 21:15:22,144
1815,2005-06-16 21:16:07,84
1816,2005-06-16 21:20:41,594
1817,2005-06-16 21:20:52,574
1818,2005-06-16 21:30:34,63
1819,2005-06-16 21:32:50,386
1820,2005-06-16 21:34:50,120
1821,2005-06-16 21:42:49,468
1822,2005-06-16 21:43:45,86
1823,2005-06-16 21:48:16,448
1824,2005-06-16 21:51:04,575
1825,2005-06-16 21:53:05,55
1826,2005-06-16 21:53:52,578
1827,2005-06-16 21:54:40,423
1828,2005-06-16 22:04:34,68
1829,2005-06-16 22:14:21,293
1830,2005-06-16 22:18:43,499
1831,2005-06-16 22:22:17,383
1832,2005-06-16 22:35:20,220
1833,2005-06-16 22:45:03,121
1834,2005-06-16 22:49:08,189
1835,2005-06-16 23:05:36,112
1836,2005-06-16 23:13:05,176
1837,2005-06-16 23:16:15,309
1838,2005-06-16 23:20:16,31
1839,2005-06-16 23:22:22,223
1840,2005-06-16 23:39:34,404
1841,2005-06-16 23:44:13,6
1842,2005-06-16 23:45:59,426
1843,2005-06-16 23:53:42,132
1844,2005-06-16 23:53:53,454
1845,2005-06-16 23:56:11,215
1846,2005-06-17 00:02:44,422
1847,2005-06-17 00:05:22,363
1848,2005-06-17 00:07:07,526
1849,2005-06-17 00:13:19,341
1850,2005-06-17 00:31:35,517
1851,2005-06-17 00:32:26,451
1852,2005-06-17 00:38:20,271
1853,2005-06-17 00:39:54,301
1854,2005-06-17 00:43:57,37
1855,2005-06-17 00:54:58,492
1856,2005-06-17 01:02:00,161
1857,2005-06-17 01:12:58,427
1858,2005-06-17 01:13:11,99
1859,2005-06-17 01:13:38,533
1860,2005-06-17 01:17:12,293
1861,2005-06-17 01:17:31,454
1862,2005-06-17 01:29:30,553
1863,2005-06-17 01:31:46,550
1864,2005-06-17 01:39:47,130
1865,2005-06-17 01:49:36,526
1866,2005-06-17 01:53:19,575
1867,2005-06-17 02:01:37,415
1868,2005-06-17 02:03:22,380
1869,2005-06-17 02:08:00,351
1870,2005-06-17 02:24:36,191
1871,2005-06-17 02:25:12,204
1872,2005-06-17 02:27:03,206
1873,2005-06-17 02:38:28,71
1874,2005-06-17 02:39:20,30
1875,2005-06-17 02:45:10,528
1876,2005-06-17 02:50:51,459
1877,2005-06-17 02:54:16,261
1878,2005-06-17 02:55:32,381
1879,2005-06-17 02:57:34,343
1880,2005-06-17 03:08:59,289
1881,2005-06-17 03:09:56,134
1882,2005-06-17 03:17:21,47
1883,2005-06-17 03:18:51,550
1884,2005-06-17 03:19:20,305
1885,2005-06-17 03:35:59,588
1886,2005-06-17 03:36:02,505
1887,2005-06-17 03:53:18,32
1888,2005-06-17 03:58:36,405
1889,2005-06-17 04:05:12,572
1890,2005-06-17 04:06:13,447
1891,2005-06-17 04:16:44,109
1892,2005-06-17 04:17:33,319
1893,2005-06-17 04:18:37,390
1894,2005-06-17 04:18:48,204
1895,2005-06-17 04:25:12,30
1896,2005-06-17 04:25:46,270
1897,2005-06-17 04:26:23,422
1898,2005-06-17 04:28:11,143
1899,2005-06-17 04:29:15,200
1900,2005-06-17 04:29:58,34
1901,2005-06-17 04:35:19,292
1902,2005-06-17 04:35:52,479
1903,2005-06-17 04:37:20,588
1904,2005-06-17 04:45:41,87
1905,2005-06-17 04:51:43,39
1906,2005-06-17 04:53:35,455
1907,2005-06-17 05:08:27,66
1908,2005-06-17 05:10:36,358
1909,2005-06-17 05:11:04,269
1910,2005-06-17 05:11:27,199
1911,2005-06-17 05:15:15,3
1912,2005-06-17 05:18:32,538
1913,2005-06-17 05:19:47,116
1914,2005-06-17 05:25:54,450
1915,2005-06-17 05:28:28,393
1916,2005-06-17 05:29:59,429
1917,2005-06-17 05:36:07,400
1918,2005-06-17 05:40:14,310
1919,2005-06-17 05:40:52,197
1920,2005-06-17 06:00:23,75
1921,2005-06-17 06:04:16,417
1922,2005-06-17 06:04:25,343
1923,2005-06-17 06:06:10,400
1924,2005-06-17 06:13:34,86
1925,2005-06-17 06:16:47,510
1926,2005-06-17 06:24:30,462
1927,2005-06-17 06:48:19,188
1928,2005-06-17 06:48:31,353
1929,2005-06-17 06:49:30,327
1930,2005-06-17 06:50:46,112
1931,2005-06-17 06:51:56,391
1932,2005-06-17 06:54:41,120
1933,2005-06-17 06:54:42,13
1934,2005-06-17 07:04:57,16
1935,2005-06-17 07:14:15,295
1936,2005-06-17 07:15:41,213
1937,2005-06-17 07:16:46,385
1938,2005-06-17 07:18:36,454
1939,2005-06-17 07:26:45,11
1940,2005-06-17 07:42:22,451
1941,2005-06-17 07:42:45,519
1942,2005-06-17 07:43:39,143
1943,2005-06-17 07:49:17,144
1944,2005-06-17 07:50:53,16
1945,2005-06-17 07:51:26,207
1946,2005-06-17 07:58:39,389
1947,2005-06-17 08:02:20,479
1948,2005-06-17 08:06:53,89
1949,2005-06-17 08:19:22,208
1950,2005-06-17 08:26:52,594
1951,2005-06-17 08:30:35,123
1952,2005-06-17 08:33:02,338
1953,2005-06-17 08:34:57,405
1954,2005-06-17 08:37:55,533
1955,2005-06-17 08:40:22,311
1956,2005-06-17 08:43:32,492
1957,2005-06-17 08:50:58,68
1958,2005-06-17 08:52:01,581
1959,2005-06-17 08:54:10,554
1960,2005-06-17 08:59:57,27
1961,2005-06-17 09:02:58,384
1962,2005-06-17 09:08:58,536
1963,2005-06-17 09:09:31,154
1964,2005-06-17 09:10:09,53
1965,2005-06-17 09:17:39,256
1966,2005-06-17 09:19:45,6
1967,2005-06-17 09:19:52,558
1968,2005-06-17 09:20:36,246
1969,2005-06-17 09:22:22,337
1970,2005-06-17 09:23:16,303
1971,2005-06-17 09:23:59,357
1972,2005-06-17 09:25:49,526
1973,2005-06-17 09:26:15,256
1974,2005-06-17 09:30:05,111
1975,2005-06-17 09:32:10,468
1976,2005-06-17 09:38:08,184
1977,2005-06-17 09:38:22,459
1978,2005-06-17 09:42:34,278
1979,2005-06-17 09:45:30,45
1980,2005-06-17 09:48:05,328
1981,2005-06-17 10:03:34,526
1982,2005-06-17 10:12:15,566
1983,2005-06-17 10:22:13,365
1984,2005-06-17 10:25:28,380
1985,2005-06-17 10:31:37,411
1986,2005-06-17 10:34:59,541
1987,2005-06-17 10:40:36,479
1988,2005-06-17 10:42:34,261
1989,2005-06-17 10:47:24,35
1990,2005-06-17 10:48:44,571
1991,2005-06-17 10:49:23,105
1992,2005-06-17 10:58:53,233
1993,2005-06-17 10:59:24,234
1994,2005-06-17 11:07:06,346
1995,2005-06-17 11:11:14,10
1996,2005-06-17 11:17:45,149
1997,2005-06-17 11:19:43,411
1998,2005-06-17 11:24:57,562
1999,2005-06-17 11:30:08,111
2000,2005-06-17 11:32:30,163
2001,2005-06-17 11:35:09,260
2002,2005-06-17 11:39:58,514
2003,2005-06-17 11:40:35,515
2004,2005-06-17 11:43:38,171
2005,2005-06-17 11:44:54,234
2006,2005-06-17 11:47:03,215
2007,2005-06-17 11:47:17,572
2008,2005-06-17 11:48:05,570
2009,2005-06-17 11:48:31,119
2010,2005-06-17 11:54:15,329
2011,2005-06-17 11:56:09,350
2012,2005-06-17 11:57:15,84
2013,2005-06-17 12:03:01,165
2014,2005-06-17 12:03:28,337
2015,2005-06-17 12:16:29,484
2016,2005-06-17 12:18:36,282
2017,2005-06-17 12:33:30,516
2018,2005-06-17 12:35:58,380
2019,2005-06-17 12:38:44,528
2020,2005-06-17 12:39:50,384
2021,2005-06-17 12:41:18,319
2022,2005-06-17 12:44:39,547
2023,2005-06-17 12:52:58,169
2024,2005-06-17 13:00:51,329
2025,2005-06-17 13:04:00,447
2026,2005-06-17 13:05:38,491
2027,2005-06-17 13:06:56,265
2028,2005-06-17 13:08:08,155
2029,2005-06-17 13:10:59,512
2030,2005-06-17 13:13:27,457
2031,2005-06-17 13:14:03,570
2032,2005-06-17 13:24:07,316
2033,2005-06-17 13:24:43,90
2034,2005-06-17 13:27:16,587
2035,2005-06-17 13:45:09,158
2036,2005-06-17 13:46:52,486
2037,2005-06-17 13:54:20,308
2038,2005-06-17 14:00:51,138
2039,2005-06-17 14:03:43,304
2040,2005-06-17 14:18:37,260
2041,2005-06-17 14:19:00,348
2042,2005-06-17 14:31:02,84
2043,2005-06-17 14:31:12,4
2044,2005-06-17 14:37:57,484
2045,2005-06-17 14:38:11,391
2046,2005-06-17 14:39:50,374
2047,2005-06-17 14:40:58,201
2048,2005-06-17 14:55:29,454
2049,2005-06-17 14:58:36,182
2050,2005-06-17 15:07:30,549
2051,2005-06-17 15:10:16,191
2052,2005-06-17 15:14:43,172
2053,2005-06-17 15:19:34,521
2054,2005-06-17 15:26:37,295
2055,2005-06-17 15:27:03,593
2056,2005-06-17 15:27:33,42
2057,2005-06-17 15:31:58,190
2058,2005-06-17 15:34:41,57
2059,2005-06-17 15:36:12,114
2060,2005-06-17 15:42:42,64
2061,2005-06-17 15:47:00,108
2062,2005-06-17 15:56:43,55
2063,2005-06-17 15:56:53,5
2064,2005-06-17 15:57:56,67
2065,2005-06-17 16:03:46,266
2066,2005-06-17 16:07:08,248
2067,2005-06-17 16:11:08,297
2068,2005-06-17 16:11:46,387
2069,2005-06-17 16:19:39,551
2070,2005-06-17 16:27:51,24
2071,2005-06-17 16:33:17,479
2072,2005-06-17 16:33:32,261
2073,2005-06-17 16:33:59,410
2074,2005-06-17 16:40:03,495
2075,2005-06-17 16:40:33,459
2076,2005-06-17 16:43:47,217
2077,2005-06-17 16:46:11,113
2078,2005-06-17 16:48:55,278
2079,2005-06-17 16:49:45,465
2080,2005-06-17 16:59:40,476
2081,2005-06-17 17:05:02,253
2082,2005-06-17 17:13:32,254
2083,2005-06-17 17:14:00,97
2084,2005-06-17 17:17:19,92
2085,2005-06-17 17:30:56,214
2086,2005-06-17 17:32:07,326
2087,2005-06-17 17:35:10,398
2088,2005-06-17 17:35:30,310
2089,2005-06-17 17:45:09,156
2090,2005-06-17 18:06:14,197
2091,2005-06-17 18:09:04,260
2092,2005-06-17 18:12:16,556
2093,2005-06-17 18:14:08,26
2094,2005-06-17 18:18:56,308
2095,2005-06-17 18:21:35,8
2096,2005-06-17 18:33:04,431
2097,2005-06-17 18:40:04,439
2098,2005-06-17 18:42:09,274
2099,2005-06-17 18:47:26,146
2100,2005-06-17 18:53:21,387
2101,2005-06-17 18:57:02,581
2102,2005-06-17 19:05:22,486
2103,2005-06-17 19:13:10,456
2104,2005-06-17 19:14:30,136
2105,2005-06-17 19:15:45,57
2106,2005-06-17 19:29:03,66
2107,2005-06-17 19:31:16,104
2108,2005-06-17 19:35:26,503
2109,2005-06-17 19:41:42,493
2110,2005-06-17 19:45:49,163
2111,2005-06-17 19:47:21,76
2112,2005-06-17 19:52:42,18
2113,2005-06-17 19:57:46,406
2114,2005-06-17 20:00:25,358
2115,2005-06-17 20:02:16,270
2116,2005-06-17 20:16:12,24
2117,2005-06-17 20:24:00,170
2118,2005-06-17 20:28:29,103
2119,2005-06-17 20:34:42,561
2120,2005-06-17 20:36:50,182
2121,2005-06-17 20:38:54,467
2122,2005-06-17 20:48:27,245
2123,2005-06-17 20:48:30,545
2124,2005-06-17 20:49:14,178
2125,2005-06-17 20:53:42,473
2126,2005-06-17 20:54:36,263
2127,2005-06-17 20:54:48,187
2128,2005-06-17 20:54:58,2
2129,2005-06-17 20:58:32,249
2130,2005-06-17 21:00:44,413
2131,2005-06-17 21:02:25,85
2132,2005-06-17 21:05:06,186
2133,2005-06-17 21:10:05,268
2134,2005-06-17 21:13:44,378
2135,2005-06-17 21:14:02,39
2136,2005-06-17 21:16:41,20
2137,2005-06-17 21:18:28,581
2138,2005-06-17 21:28:14,254
2139,2005-06-17 21:29:34,236
2140,2005-06-17 21:40:29,56
2141,2005-06-17 21:41:34,86
2142,2005-06-17 21:55:43,253
2143,2005-06-17 21:58:13,507
2144,2005-06-17 22:05:40,46
2145,2005-06-17 22:10:36,388
2146,2005-06-17 22:26:23,456
2147,2005-06-17 22:28:13,279
2148,2005-06-17 22:44:35,338
2149,2005-06-17 22:50:00,333
2150,2005-06-17 22:50:36,406
2151,2005-06-17 22:52:37,329
2152,2005-06-17 22:53:27,307
2153,2005-06-17 22:58:04,357
2154,2005-06-17 22:59:42,30
2155,2005-06-17 23:07:29,227
2156,2005-06-17 23:08:12,237
2157,2005-06-17 23:30:52,201
2158,2005-06-17 23:36:27,530
2159,2005-06-17 23:37:29,465
2160,2005-06-17 23:39:11,32
2161,2005-06-17 23:39:50,75
2162,2005-06-17 23:45:47,277
2163,2005-06-17 23:46:16,130
2164,2005-06-17 23:46:21,227
2165,2005-06-17 23:51:10,471
2166,2005-06-17 23:51:21,305
2167,2005-06-17 23:51:28,307
2168,2005-06-17 23:53:24,308
2169,2005-06-17 23:57:23,120
2170,2005-06-17 23:57:34,42
2171,2005-06-18 00:06:04,147
2172,2005-06-18 00:06:16,457
2173,2005-06-18 00:08:20,65
2174,2005-06-18 00:09:01,520
2175,2005-06-18 00:17:58,17
2176,2005-06-18 00:29:51,282
2177,2005-06-18 00:34:45,340
2178,2005-06-18 00:38:35,260
2179,2005-06-18 00:41:36,338
2180,2005-06-18 00:47:43,497
2181,2005-06-18 00:48:31,176
2182,2005-06-18 00:56:18,454
2183,2005-06-18 01:06:01,340
2184,2005-06-18 01:10:36,537
2185,2005-06-18 01:12:22,198
2186,2005-06-18 01:15:27,204
2187,2005-06-18 01:17:27,477
2188,2005-06-18 01:19:04,183
2189,2005-06-18 01:20:26,500
2190,2005-06-18 01:29:51,342
2191,2005-06-18 01:33:09,58
2192,2005-06-18 01:35:47,456
2193,2005-06-18 01:38:45,112
2194,2005-06-18 01:41:37,149
2195,2005-06-18 01:44:46,286
2196,2005-06-18 01:47:07,240
2197,2005-06-18 01:50:27,103
2198,2005-06-18 01:51:22,109
2199,2005-06-18 01:57:56,171
2200,2005-06-18 01:59:16,229
2201,2005-06-18 02:08:27,489
2202,2005-06-18 02:09:24,297
2203,2005-06-18 02:10:42,46
2204,2005-06-18 02:11:38,426
2205,2005-06-18 02:14:34,593
2206,2005-06-18 02:14:45,438
2207,2005-06-18 02:19:21,78
2208,2005-06-18 02:22:07,132
2209,2005-06-18 02:24:01,13
2210,2005-06-18 02:27:01,108
2211,2005-06-18 02:29:10,166
2212,2005-06-18 02:36:10,336
2213,2005-06-18 02:36:47,98
2214,2005-06-18 02:44:37,366
2215,2005-06-18 02:48:21,239
2216,2005-06-18 03:08:17,320
2217,2005-06-18 03:12:29,118
2218,2005-06-18 03:13:13,176
2219,2005-06-18 03:16:54,393
2220,2005-06-18 03:21:36,587
2221,2005-06-18 03:24:56,156
2222,2005-06-18 03:26:23,10
2223,2005-06-18 03:27:03,303
2224,2005-06-18 03:33:58,153
2225,2005-06-18 03:35:40,503
2226,2005-06-18 03:39:56,225
2227,2005-06-18 03:43:23,200
2228,2005-06-18 03:44:50,383
2229,2005-06-18 03:50:18,35
2230,2005-06-18 03:50:49,256
2231,2005-06-18 03:52:14,35
2232,2005-06-18 03:54:31,52
2233,2005-06-18 03:57:36,31
2234,2005-06-18 04:01:28,182
2235,2005-06-18 04:08:50,21
2236,2005-06-18 04:12:33,375
2237,2005-06-18 04:17:44,205
2238,2005-06-18 04:22:06,251
2239,2005-06-18 04:23:54,437
2240,2005-06-18 04:28:27,122
2241,2005-06-18 04:31:41,406
2242,2005-06-18 04:32:28,146
2243,2005-06-18 04:33:03,328
2244,2005-06-18 04:46:33,233
2245,2005-06-18 04:52:59,194
2246,2005-06-18 04:54:29,414
2248,2005-06-18 04:59:48,446
2249,2005-06-18 05:03:08,285
2250,2005-06-18 05:03:36,7
2251,2005-06-18 05:05:08,143
2252,2005-06-18 05:05:18,383
2253,2005-06-18 05:11:43,122
2254,2005-06-18 05:15:14,281
2255,2005-06-18 05:21:12,410
2256,2005-06-18 05:21:56,93
2257,2005-06-18 05:29:52,34
2258,2005-06-18 05:30:36,292
2259,2005-06-18 05:37:45,491
2260,2005-06-18 05:38:36,297
2261,2005-06-18 05:46:15,570
2262,2005-06-18 05:49:46,218
2263,2005-06-18 05:57:47,452
2264,2005-06-18 05:58:45,240
2265,2005-06-18 06:03:27,267
2266,2005-06-18 06:05:02,452
2267,2005-06-18 06:10:23,218
2268,2005-06-18 06:13:41,21
2269,2005-06-18 06:20:54,431
2270,2005-06-18 06:29:01,588
2271,2005-06-18 06:29:52,145
2272,2005-06-18 06:29:53,599
2273,2005-06-18 06:30:02,327
2274,2005-06-18 06:31:15,347
2275,2005-06-18 06:31:29,354
2276,2005-06-18 06:33:48,594
2277,2005-06-18 06:35:03,224
2278,2005-06-18 06:37:57,450
2279,2005-06-18 06:38:22,554
2280,2005-06-18 06:46:54,548
2281,2005-06-18 06:47:29,431
2282,2005-06-18 06:48:23,113
2283,2005-06-18 06:56:06,507
2284,2005-06-18 06:59:51,228
2285,2005-06-18 07:00:54,447
2286,2005-06-18 07:02:32,287
2287,2005-06-18 07:04:36,317
2288,2005-06-18 07:23:17,247
2289,2005-06-18 07:29:43,392
2290,2005-06-18 07:34:37,513
2291,2005-06-18 07:36:46,436
2292,2005-06-18 07:37:48,130
2293,2005-06-18 07:45:03,178
2294,2005-06-18 07:46:34,72
2295,2005-06-18 07:56:18,106
2296,2005-06-18 08:10:42,481
2297,2005-06-18 08:17:41,111
2298,2005-06-18 08:18:29,497
2299,2005-06-18 08:18:52,28
2300,2005-06-18 08:22:34,291
2301,2005-06-18 08:24:03,273
2302,2005-06-18 08:27:33,42
2303,2005-06-18 08:27:59,329
2304,2005-06-18 08:30:15,327
2305,2005-06-18 08:31:18,149
2306,2005-06-18 08:33:23,477
2307,2005-06-18 08:34:59,47
2308,2005-06-18 08:41:48,1
2309,2005-06-18 08:43:24,576
2310,2005-06-18 08:45:59,409
2311,2005-06-18 08:51:29,236
2312,2005-06-18 08:55:46,184
2313,2005-06-18 08:56:45,379
2314,2005-06-18 09:03:19,160
2315,2005-06-18 09:03:39,372
2316,2005-06-18 09:04:59,289
2317,2005-06-18 09:12:18,326
2318,2005-06-18 09:13:54,383
2319,2005-06-18 09:24:22,393
2320,2005-06-18 09:24:50,552
2321,2005-06-18 09:42:42,565
2322,2005-06-18 09:44:21,213
2323,2005-06-18 09:55:02,54
2324,2005-06-18 10:00:33,268
2325,2005-06-18 10:08:07,406
2326,2005-06-18 10:14:22,174
2327,2005-06-18 10:16:40,571
2328,2005-06-18 10:17:21,441
2329,2005-06-18 10:22:52,587
2330,2005-06-18 10:41:19,390
2331,2005-06-18 10:50:09,221
2332,2005-06-18 10:53:51,140
2333,2005-06-18 10:55:54,283
2334,2005-06-18 10:56:24,223
2335,2005-06-18 10:59:36,446
2336,2005-06-18 11:00:05,124
2337,2005-06-18 11:15:27,582
2338,2005-06-18 11:24:54,316
2339,2005-06-18 11:29:22,297
2340,2005-06-18 11:30:56,157
2341,2005-06-18 11:35:30,31
2342,2005-06-18 11:42:40,146
2343,2005-06-18 11:46:26,20
2344,2005-06-18 12:01:47,498
2345,2005-06-18 12:03:23,6
2346,2005-06-18 12:08:16,308
2347,2005-06-18 12:12:29,194
2348,2005-06-18 12:15:43,449
2349,2005-06-18 12:25:14,495
2350,2005-06-18 12:25:29,471
2351,2005-06-18 12:27:57,216
2352,2005-06-18 12:40:15,590
2353,2005-06-18 12:53:25,361
2354,2005-06-18 12:54:18,77
2355,2005-06-18 12:57:06,125
2356,2005-06-18 12:59:23,455
2357,2005-06-18 12:59:41,561
2358,2005-06-18 13:00:51,478
2359,2005-06-18 13:04:42,201
2360,2005-06-18 13:11:13,57
2361,2005-06-18 13:19:05,546
2362,2005-06-18 13:31:15,514
2363,2005-06-18 13:33:59,1
2364,2005-06-18 13:37:32,512
2365,2005-06-18 13:45:34,493
2366,2005-06-18 13:46:39,162
2367,2005-06-18 14:00:31,566
2368,2005-06-18 14:10:27,99
2369,2005-06-18 14:25:29,44
2370,2005-06-18 14:29:54,489
2371,2005-06-18 14:35:29,248
2372,2005-06-18 14:37:37,96
2373,2005-06-18 14:37:57,544
2374,2005-06-18 14:44:06,71
2375,2005-06-18 14:47:29,259
2376,2005-06-18 14:55:30,479
2377,2005-06-18 14:56:23,193
2378,2005-06-18 14:57:49,384
2379,2005-06-18 14:59:39,597
2380,2005-06-18 15:00:04,256
2381,2005-06-18 15:00:30,167
2382,2005-06-18 15:03:52,568
2383,2005-06-18 15:17:59,149
2384,2005-06-18 15:18:49,132
2385,2005-06-18 15:22:40,298
2386,2005-06-18 15:22:51,293
2387,2005-06-18 15:24:19,289
2388,2005-06-18 15:26:30,53
2389,2005-06-18 15:27:47,382
2390,2005-06-18 15:29:26,239
2391,2005-06-18 15:33:30,491
2392,2005-06-18 15:34:18,261
2393,2005-06-18 15:37:55,21
2394,2005-06-18 15:42:30,60
2395,2005-06-18 15:45:15,544
2396,2005-06-18 15:49:48,31
2397,2005-06-18 15:51:25,76
2398,2005-06-18 15:56:53,526
2399,2005-06-18 16:06:14,577
2400,2005-06-18 16:10:46,410
2401,2005-06-18 16:22:03,359
2402,2005-06-18 16:24:45,360
2403,2005-06-18 16:33:22,536
2404,2005-06-18 16:33:48,456
2405,2005-06-18 16:36:38,356
2406,2005-06-18 16:39:37,497
2407,2005-06-18 16:50:41,421
2408,2005-06-18 16:50:44,87
2409,2005-06-18 16:53:33,84
2410,2005-06-18 16:55:08,381
2411,2005-06-18 16:55:54,558
2412,2005-06-18 16:58:58,127
2413,2005-06-18 16:59:34,170
2414,2005-06-18 17:01:55,275
2415,2005-06-18 17:02:42,434
2416,2005-06-18 17:07:34,26
2417,2005-06-18 17:12:01,219
2418,2005-06-18 17:14:42,381
2419,2005-06-18 17:21:24,102
2420,2005-06-18 17:22:28,502
2421,2005-06-18 17:25:05,26
2422,2005-06-18 17:28:57,527
2423,2005-06-18 17:32:08,231
2424,2005-06-18 17:35:08,233
2425,2005-06-18 17:37:45,579
2426,2005-06-18 17:40:44,543
2427,2005-06-18 17:45:00,176
2428,2005-06-18 17:47:34,241
2429,2005-06-18 17:48:28,583
2430,2005-06-18 17:51:46,434
2431,2005-06-18 17:53:03,295
2432,2005-06-18 17:59:18,250
2433,2005-06-18 18:10:17,356
2434,2005-06-18 18:11:51,12
2435,2005-06-18 18:12:26,173
2436,2005-06-18 18:13:32,534
2437,2005-06-18 18:30:26,454
2438,2005-06-18 18:34:21,31
2439,2005-06-18 18:35:04,39
2440,2005-06-18 18:41:09,380
2441,2005-06-18 18:45:11,593
2442,2005-06-18 18:49:18,364
2443,2005-06-18 18:52:30,233
2444,2005-06-18 18:58:12,576
2445,2005-06-18 19:02:11,98
2446,2005-06-18 19:04:41,466
2447,2005-06-18 19:10:55,523
2448,2005-06-18 19:13:45,308
2449,2005-06-18 19:18:36,498
2450,2005-06-18 19:25:47,230
2451,2005-06-18 19:28:02,24
2452,2005-06-18 19:29:21,77
2453,2005-06-18 19:30:53,588
2454,2005-06-18 19:32:51,253
2455,2005-06-18 19:33:06,241
2456,2005-06-18 19:36:50,147
2457,2005-06-18 19:38:20,91
2458,2005-06-18 19:39:05,572
2459,2005-06-18 19:44:08,185
2460,2005-06-18 19:54:13,553
2461,2005-06-18 19:58:12,343
2462,2005-06-18 20:00:15,468
2463,2005-06-18 20:01:43,194
2464,2005-06-18 20:06:05,380
2465,2005-06-18 20:07:02,160
2466,2005-06-18 20:18:42,427
2467,2005-06-18 20:20:05,177
2468,2005-06-18 20:23:52,382
2469,2005-06-18 20:24:23,137
2470,2005-06-18 20:28:31,40
2471,2005-06-18 20:31:00,183
2472,2005-06-18 20:32:40,70
2473,2005-06-18 20:42:45,221
2474,2005-06-18 20:51:34,151
2475,2005-06-18 20:52:46,336
2476,2005-06-18 20:57:12,334
2477,2005-06-18 20:58:46,206
2478,2005-06-18 21:01:21,241
2479,2005-06-18 21:03:08,408
2480,2005-06-18 21:04:09,310
2481,2005-06-18 21:08:30,322
2482,2005-06-18 21:10:44,122
2483,2005-06-18 21:22:23,88
2484,2005-06-18 21:25:23,515
2485,2005-06-18 21:26:03,56
2486,2005-06-18 21:26:56,15
2487,2005-06-18 21:32:54,374
2488,2005-06-18 21:38:26,403
2489,2005-06-18 22:00:44,382
2490,2005-06-18 22:00:50,402
2491,2005-06-18 22:01:31,316
2492,2005-06-18 22:04:15,237
2493,2005-06-18 22:12:09,269
2494,2005-06-18 22:15:09,434
2495,2005-06-18 22:15:42,338
2496,2005-06-18 22:20:11,527
2497,2005-06-18 22:50:40,171
2498,2005-06-18 22:56:26,74
2499,2005-06-18 23:01:36,348
2500,2005-06-18 23:07:12,12
2501,2005-06-18 23:10:11,450
2502,2005-06-18 23:12:13,325
2503,2005-06-18 23:17:19,176
2504,2005-06-18 23:19:53,452
2505,2005-06-18 23:28:27,519
2506,2005-06-18 23:29:53,82
2507,2005-06-18 23:39:22,325
2508,2005-06-18 23:43:58,476
2509,2005-06-18 23:44:08,213
2510,2005-06-18 23:44:21,384
2511,2005-06-18 23:45:30,234
2512,2005-06-18 23:48:47,27
2513,2005-06-18 23:53:15,515
2514,2005-06-18 23:56:44,382
2515,2005-06-18 23:57:31,188
2516,2005-06-19 00:03:28,87
2517,2005-06-19 00:11:26,74
2518,2005-06-19 00:16:23,86
2519,2005-06-19 00:19:21,128
2520,2005-06-19 00:29:00,446
2521,2005-06-19 00:41:08,92
2522,2005-06-19 00:43:42,579
2523,2005-06-19 00:45:56,89
2524,2005-06-19 00:48:11,465
2525,2005-06-19 00:48:22,365
2526,2005-06-19 01:03:07,500
2527,2005-06-19 01:10:31,463
2528,2005-06-19 01:14:12,331
2529,2005-06-19 01:18:27,478
2530,2005-06-19 01:20:00,31
2531,2005-06-19 01:20:49,368
2532,2005-06-19 01:27:46,26
2533,2005-06-19 01:34:26,187
2534,2005-06-19 01:38:39,517
2535,2005-06-19 01:39:04,130
2536,2005-06-19 01:41:34,163
2537,2005-06-19 01:52:21,388
2538,2005-06-19 01:56:59,472
2539,2005-06-19 01:58:39,527
2540,2005-06-19 02:04:48,363
2541,2005-06-19 02:08:10,360
2542,2005-06-19 02:08:39,67
2543,2005-06-19 02:14:11,58
2544,2005-06-19 02:16:17,558
2545,2005-06-19 02:23:36,413
2546,2005-06-19 02:39:39,272
2547,2005-06-19 02:44:17,162
2548,2005-06-19 02:45:35,561
2549,2005-06-19 02:46:39,495
2550,2005-06-19 02:49:55,38
2551,2005-06-19 02:51:04,444
2552,2005-06-19 03:01:29,389
2553,2005-06-19 03:04:59,473
2554,2005-06-19 03:05:38,322
2555,2005-06-19 03:07:02,191
2556,2005-06-19 03:07:32,377
2557,2005-06-19 03:08:51,257
2558,2005-06-19 03:09:16,361
2559,2005-06-19 03:09:46,414
2560,2005-06-19 03:12:42,309
2561,2005-06-19 03:14:52,256
2562,2005-06-19 03:15:05,265
2563,2005-06-19 03:24:17,41
2564,2005-06-19 03:41:10,408
2565,2005-06-19 03:44:03,128
2566,2005-06-19 03:45:39,486
2567,2005-06-19 04:04:46,496
2568,2005-06-19 04:09:03,190
2569,2005-06-19 04:19:04,213
2570,2005-06-19 04:20:13,5
2571,2005-06-19 04:20:14,66
2572,2005-06-19 04:21:26,159
2573,2005-06-19 04:23:18,563
2574,2005-06-19 04:23:52,143
2575,2005-06-19 04:32:52,336
2576,2005-06-19 04:34:15,559
2577,2005-06-19 04:36:03,66
2578,2005-06-19 04:40:06,267
2579,2005-06-19 04:40:44,493
2580,2005-06-19 04:44:30,219
2581,2005-06-19 04:54:13,456
2582,2005-06-19 04:56:27,267
2583,2005-06-19 05:01:40,523
2584,2005-06-19 05:02:36,90
2585,2005-06-19 05:05:03,406
2586,2005-06-19 05:05:11,537
2587,2005-06-19 05:06:14,331
2588,2005-06-19 05:20:31,143
2589,2005-06-19 05:21:27,164
2590,2005-06-19 05:31:40,324
2591,2005-06-19 05:32:22,438
2592,2005-06-19 05:36:54,208
2593,2005-06-19 05:40:11,556
2594,2005-06-19 05:43:43,123
2595,2005-06-19 05:43:55,122
2596,2005-06-19 05:48:26,80
2597,2005-06-19 05:53:46,407
2598,2005-06-19 05:59:57,265
2599,2005-06-19 06:06:07,171
2600,2005-06-19 06:07:25,423
2601,2005-06-19 06:09:44,98
2602,2005-06-19 06:10:08,173
2603,2005-06-19 06:21:25,222
2604,2005-06-19 06:30:10,28
2605,2005-06-19 06:48:01,38
2606,2005-06-19 06:51:32,364
2607,2005-06-19 06:55:01,340
2608,2005-06-19 07:10:36,132
2609,2005-06-19 07:13:12,383
2610,2005-06-19 07:16:20,542
2611,2005-06-19 07:18:17,301
2612,2005-06-19 07:19:41,287
2613,2005-06-19 07:25:50,179
2614,2005-06-19 07:28:11,145
2615,2005-06-19 07:29:13,578
2616,2005-06-19 07:33:00,478
2617,2005-06-19 07:48:31,313
2618,2005-06-19 08:03:01,310
2619,2005-06-19 08:03:12,350
2620,2005-06-19 08:06:29,94
2621,2005-06-19 08:07:31,439
2622,2005-06-19 08:10:41,573
2623,2005-06-19 08:11:51,12
2624,2005-06-19 08:22:09,32
2625,2005-06-19 08:23:11,25
2626,2005-06-19 08:28:44,450
2627,2005-06-19 08:32:00,592
2628,2005-06-19 08:34:53,3
2629,2005-06-19 08:42:12,458
2630,2005-06-19 08:47:21,236
2631,2005-06-19 08:49:53,39
2632,2005-06-19 08:51:47,574
2633,2005-06-19 08:53:10,68
2634,2005-06-19 08:55:17,318
2635,2005-06-19 09:08:45,105
2636,2005-06-19 09:13:06,253
2637,2005-06-19 09:20:56,327
2638,2005-06-19 09:23:30,295
2639,2005-06-19 09:24:02,116
2640,2005-06-19 09:26:13,540
2641,2005-06-19 09:38:33,374
2642,2005-06-19 09:39:01,4
2643,2005-06-19 09:39:27,318
2644,2005-06-19 09:42:30,309
2645,2005-06-19 09:50:35,181
2646,2005-06-19 09:56:01,275
2647,2005-06-19 09:57:56,54
2648,2005-06-19 10:06:20,31
2649,2005-06-19 10:20:09,153
2650,2005-06-19 10:21:45,209
2651,2005-06-19 10:22:56,576
2652,2005-06-19 10:35:26,589
2653,2005-06-19 10:36:53,340
2654,2005-06-19 10:37:54,405
2655,2005-06-19 10:38:42,29
2656,2005-06-19 10:42:33,280
2657,2005-06-19 10:42:59,19
2658,2005-06-19 10:43:42,156
2659,2005-06-19 10:47:42,139
2660,2005-06-19 10:50:02,221
2661,2005-06-19 10:50:52,452
2662,2005-06-19 10:53:42,68
2663,2005-06-19 10:54:00,583
2664,2005-06-19 11:11:23,299
2665,2005-06-19 11:12:35,133
2666,2005-06-19 11:17:12,454
2667,2005-06-19 11:28:46,200
2668,2005-06-19 11:28:47,568
2669,2005-06-19 11:28:52,523
2670,2005-06-19 11:30:16,457
2671,2005-06-19 11:33:11,451
2672,2005-06-19 11:42:04,420
2673,2005-06-19 11:42:20,29
2674,2005-06-19 11:47:59,585
2675,2005-06-19 11:52:15,230
2676,2005-06-19 11:54:57,477
2677,2005-06-19 12:01:59,428
2678,2005-06-19 12:12:23,258
2679,2005-06-19 12:12:30,109
2680,2005-06-19 12:13:37,114
2681,2005-06-19 12:15:27,196
2682,2005-06-19 12:18:17,538
2683,2005-06-19 12:27:19,241
2684,2005-06-19 12:29:08,17
2685,2005-06-19 12:35:21,283
2686,2005-06-19 12:44:20,68
2687,2005-06-19 12:46:52,254
2688,2005-06-19 12:50:56,309
2689,2005-06-19 12:58:53,567
2690,2005-06-19 13:00:02,391
2691,2005-06-19 13:06:50,242
2692,2005-06-19 13:08:19,388
2693,2005-06-19 13:11:47,107
2694,2005-06-19 13:17:21,368
2695,2005-06-19 13:25:53,208
2696,2005-06-19 13:28:42,597
2697,2005-06-19 13:29:08,448
2698,2005-06-19 13:29:11,420
2699,2005-06-19 13:29:28,267
2700,2005-06-19 13:31:52,180
2701,2005-06-19 13:33:06,29
2702,2005-06-19 13:35:56,329
2703,2005-06-19 13:36:06,319
2704,2005-06-19 13:50:10,246
2705,2005-06-19 13:54:30,562
2706,2005-06-19 13:56:51,559
2707,2005-06-19 13:57:08,589
2708,2005-06-19 13:59:05,541
2709,2005-06-19 14:00:26,7
2710,2005-06-19 14:03:56,446
2711,2005-06-19 14:12:22,313
2712,2005-06-19 14:20:13,411
2713,2005-06-19 14:23:09,378
2714,2005-06-19 14:26:09,81
2715,2005-06-19 14:29:35,404
2716,2005-06-19 14:40:17,252
2717,2005-06-19 14:46:10,200
2718,2005-06-19 14:49:42,139
2719,2005-06-19 14:50:19,336
2720,2005-06-19 14:51:55,504
2721,2005-06-19 14:53:24,358
2722,2005-06-19 14:55:17,45
2723,2005-06-19 14:55:23,277
2724,2005-06-19 14:57:54,103
2725,2005-06-19 15:01:23,246
2726,2005-06-19 15:02:20,420
2727,2005-06-19 15:02:39,129
2728,2005-06-19 15:04:04,408
2729,2005-06-19 15:06:15,510
2730,2005-06-19 15:10:09,30
2731,2005-06-19 15:14:55,138
2732,2005-06-19 15:19:39,386
2733,2005-06-19 15:21:53,188
2734,2005-06-19 15:36:27,204
2735,2005-06-19 15:42:07,29
2736,2005-06-19 15:43:20,359
2737,2005-06-19 15:48:33,513
2738,2005-06-19 15:56:30,75
2739,2005-06-19 15:58:38,212
2740,2005-06-19 15:59:04,92
2741,2005-06-19 16:05:41,36
2742,2005-06-19 16:05:47,187
2743,2005-06-19 16:15:56,35
2744,2005-06-19 16:20:40,368
2745,2005-06-19 16:21:19,26
2746,2005-06-19 16:21:40,562
2747,2005-06-19 16:22:07,422
2748,2005-06-19 16:22:26,473
2749,2005-06-19 16:27:35,358
2750,2005-06-19 16:37:24,197
2751,2005-06-19 16:39:23,148
2752,2005-06-19 16:44:18,149
2753,2005-06-19 16:44:35,23
2754,2005-06-19 16:55:59,267
2755,2005-06-19 16:56:31,506
2756,2005-06-19 16:57:42,144
2757,2005-06-19 17:01:14,243
2758,2005-06-19 17:04:35,423
2759,2005-06-19 17:10:24,351
2760,2005-06-19 17:16:33,192
2761,2005-06-19 17:22:17,431
2762,2005-06-19 17:22:31,457
2763,2005-06-19 17:23:34,276
2764,2005-06-19 17:27:25,479
2765,2005-06-19 17:34:39,478
2766,2005-06-19 17:45:15,345
2767,2005-06-19 17:46:35,596
2768,2005-06-19 17:46:52,129
2769,2005-06-19 17:52:14,354
2770,2005-06-19 17:54:22,533
2771,2005-06-19 17:54:48,262
2772,2005-06-19 17:59:27,520
2773,2005-06-19 18:04:18,505
2774,2005-06-19 18:05:11,299
2775,2005-06-19 18:14:20,590
2776,2005-06-19 18:16:24,551
2777,2005-06-19 18:16:26,230
2778,2005-06-19 18:18:12,422
2779,2005-06-19 18:19:07,376
2780,2005-06-19 18:19:33,360
2781,2005-06-19 18:24:42,197
2782,2005-06-19 18:25:07,156
2783,2005-06-19 18:29:10,113
2784,2005-06-19 18:40:29,289
2785,2005-06-19 18:43:57,137
2786,2005-06-19 18:46:43,594
2787,2005-06-19 18:47:00,307
2788,2005-06-19 18:48:11,171
2789,2005-06-19 18:48:21,514
2790,2005-06-19 18:49:45,97
2791,2005-06-19 18:51:27,299
2792,2005-06-19 18:52:25,437
2793,2005-06-19 18:52:37,419
2794,2005-06-19 18:53:05,85
2795,2005-06-19 18:58:53,129
2796,2005-06-19 19:00:37,209
2797,2005-06-19 19:04:32,486
2798,2005-06-19 19:07:48,180
2799,2005-06-19 19:15:21,576
2800,2005-06-19 19:15:56,146
2801,2005-06-19 19:18:09,29
2802,2005-06-19 19:18:17,489
2803,2005-06-19 19:18:27,120
2804,2005-06-19 19:24:54,426
2805,2005-06-19 19:29:17,80
2806,2005-06-19 19:30:48,510
2807,2005-06-19 19:32:53,194
2808,2005-06-19 19:34:45,325
2809,2005-06-19 19:40:27,44
2810,2005-06-19 19:44:12,67
2811,2005-06-19 19:53:30,457
2812,2005-06-19 19:58:16,211
2813,2005-06-19 20:01:47,284
2814,2005-06-19 20:01:59,10
2815,2005-06-19 20:03:29,27
2816,2005-06-19 20:04:23,94
2817,2005-06-19 20:05:22,510
2818,2005-06-19 20:05:52,497
2819,2005-06-19 20:13:33,82
2820,2005-06-19 20:20:33,316
2821,2005-06-19 20:26:52,532
2822,2005-06-19 20:29:24,48
2823,2005-06-19 20:30:21,260
2824,2005-06-19 20:31:45,506
2825,2005-06-19 20:32:19,418
2826,2005-06-19 20:41:35,125
2827,2005-06-19 20:50:01,23
2828,2005-06-19 20:51:33,526
2829,2005-06-19 21:11:30,341
2830,2005-06-19 21:14:33,21
2831,2005-06-19 21:17:06,468
2832,2005-06-19 21:21:53,593
2833,2005-06-19 21:34:54,232
2834,2005-06-19 21:41:46,122
2835,2005-06-19 21:44:11,89
2836,2005-06-19 21:58:21,306
2837,2005-06-19 22:03:50,371
2838,2005-06-19 22:06:06,292
2839,2005-06-19 22:07:24,256
2840,2005-06-19 22:17:44,236
2841,2005-06-19 22:21:06,193
2842,2005-06-19 22:34:20,217
2843,2005-06-19 22:36:39,148
2844,2005-06-19 22:40:12,178
2845,2005-06-19 22:46:37,583
2846,2005-06-19 22:52:14,193
2847,2005-06-19 22:54:01,148
2848,2005-06-19 22:55:37,19
2849,2005-06-19 23:06:00,283
2850,2005-06-19 23:06:28,262
2851,2005-06-19 23:07:03,361
2852,2005-06-19 23:08:50,453
2853,2005-06-19 23:09:41,453
2854,2005-06-19 23:11:48,81
2855,2005-06-19 23:11:49,483
2856,2005-06-19 23:13:04,210
2857,2005-06-19 23:15:15,364
2858,2005-06-19 23:17:11,268
2859,2005-06-19 23:18:42,147
2860,2005-06-19 23:20:40,107
2861,2005-06-19 23:21:34,116
2862,2005-06-19 23:47:24,52
2863,2005-06-19 23:58:38,228
2864,2005-06-20 00:00:52,493
2865,2005-06-20 00:00:55,10
2866,2005-06-20 00:01:36,44
2867,2005-06-20 00:08:38,483
2868,2005-06-20 00:08:58,214
2869,2005-06-20 00:09:25,155
2870,2005-06-20 00:17:46,467
2871,2005-06-20 00:27:49,443
2872,2005-06-20 00:38:21,240
2873,2005-06-20 00:41:25,160
2874,2005-06-20 00:42:26,166
2875,2005-06-20 00:47:18,186
2876,2005-06-20 01:06:34,39
2877,2005-06-20 01:07:16,267
2878,2005-06-20 01:09:14,88
2879,2005-06-20 01:24:10,583
2880,2005-06-20 01:24:54,193
2881,2005-06-20 01:26:18,307
2882,2005-06-20 01:26:26,152
2883,2005-06-20 01:29:10,320
2884,2005-06-20 01:31:16,319
2885,2005-06-20 01:33:42,330
2886,2005-06-20 01:38:39,154
2887,2005-06-20 01:39:43,453
2888,2005-06-20 01:50:56,7
2889,2005-06-20 01:54:08,213
2890,2005-06-20 02:00:45,392
2891,2005-06-20 02:02:05,32
2892,2005-06-20 02:06:39,430
2893,2005-06-20 02:22:08,153
2894,2005-06-20 02:22:42,76
2895,2005-06-20 02:26:31,141
2896,2005-06-20 02:33:42,40
2897,2005-06-20 02:34:23,107
2898,2005-06-20 02:38:06,178
2899,2005-06-20 02:39:21,459
2900,2005-06-20 02:40:04,294
2901,2005-06-20 02:41:28,25
2902,2005-06-20 02:45:35,304
2903,2005-06-20 02:49:01,53
2904,2005-06-20 02:54:06,55
2905,2005-06-20 02:56:16,189
2906,2005-06-20 03:04:56,58
2907,2005-06-20 03:15:09,208
2908,2005-06-20 03:16:52,91
2909,2005-06-20 03:19:10,451
2910,2005-06-20 03:31:18,57
2911,2005-06-20 03:32:37,502
2912,2005-06-20 03:32:45,196
2913,2005-06-20 03:42:27,402
2914,2005-06-20 03:43:18,342
2915,2005-06-20 03:57:17,262
2916,2005-06-20 04:01:04,590
2917,2005-06-20 04:08:35,451
2918,2005-06-20 04:09:04,215
2919,2005-06-20 04:10:16,509
2920,2005-06-20 04:12:46,588
2921,2005-06-20 04:13:04,59
2922,2005-06-20 04:13:47,176
2923,2005-06-20 04:16:07,29
2924,2005-06-20 04:20:14,132
2925,2005-06-20 04:23:49,301
2926,2005-06-20 04:37:45,379
2927,2005-06-20 04:41:41,403
2928,2005-06-20 04:43:45,104
2929,2005-06-20 04:47:39,333
2930,2005-06-20 04:50:29,585
2931,2005-06-20 04:50:45,258
2932,2005-06-20 04:51:19,526
2933,2005-06-20 04:52:23,323
2934,2005-06-20 05:05:53,228
2935,2005-06-20 05:07:24,384
2936,2005-06-20 05:09:27,330
2937,2005-06-20 05:15:37,15
2938,2005-06-20 05:17:22,504
2939,2005-06-20 05:18:16,203
2940,2005-06-20 05:20:01,73
2941,2005-06-20 05:22:18,135
2942,2005-06-20 05:27:31,242
2943,2005-06-20 05:43:05,418
2944,2005-06-20 05:43:42,474
2945,2005-06-20 05:49:27,153
2946,2005-06-20 05:50:40,213
2947,2005-06-20 06:00:21,151
2948,2005-06-20 06:02:35,289
2949,2005-06-20 06:05:53,78
2950,2005-06-20 06:08:36,561
2951,2005-06-20 06:23:01,404
2952,2005-06-20 06:26:57,13
2953,2005-06-20 06:39:11,540
2954,2005-06-20 06:45:00,336
2955,2005-06-20 06:46:35,244
2956,2005-06-20 06:47:23,533
2957,2005-06-20 06:53:47,542
2958,2005-06-20 06:56:20,260
2959,2005-06-20 07:07:54,372
2960,2005-06-20 07:10:09,16
2961,2005-06-20 07:29:15,399
2962,2005-06-20 07:31:55,364
2963,2005-06-20 07:33:09,24
2964,2005-06-20 07:33:29,590
2965,2005-06-20 07:33:38,46
2966,2005-06-20 07:39:33,511
2967,2005-06-20 07:40:35,311
2968,2005-06-20 07:41:47,252
2969,2005-06-20 07:44:27,418
2970,2005-06-20 07:51:51,449
2971,2005-06-20 07:56:00,410
2972,2005-06-20 07:57:54,531
2973,2005-06-20 07:59:27,96
2974,2005-06-20 08:00:24,472
2975,2005-06-20 08:06:18,46
2976,2005-06-20 08:09:11,55
2977,2005-06-20 08:15:27,571
2978,2005-06-20 08:25:16,548
2979,2005-06-20 08:31:05,589
2980,2005-06-20 08:35:03,343
2981,2005-06-20 08:35:17,387
2982,2005-06-20 08:38:29,130
2983,2005-06-20 08:41:42,322
2984,2005-06-20 08:43:44,435
2985,2005-06-20 08:45:08,154
2986,2005-06-20 08:50:28,556
2987,2005-06-20 08:55:50,349
2988,2005-06-20 08:59:08,557
2989,2005-06-20 08:59:37,56
2990,2005-06-20 09:02:51,18
2991,2005-06-20 09:10:43,472
2992,2005-06-20 09:11:51,439
2993,2005-06-20 09:12:12,40
2994,2005-06-20 09:17:05,163
2995,2005-06-20 09:18:22,573
2996,2005-06-20 09:20:29,500
2997,2005-06-20 09:23:45,519
2998,2005-06-20 09:30:22,380
2999,2005-06-20 09:30:34,295
3000,2005-06-20 09:32:33,50
3001,2005-06-20 09:50:16,393
3002,2005-06-20 09:56:12,266
3003,2005-06-20 10:00:51,38
3004,2005-06-20 10:04:36,113
3005,2005-06-20 10:10:29,598
3006,2005-06-20 10:10:29,133
3007,2005-06-20 10:11:53,7
3008,2005-06-20 10:23:25,202
3009,2005-06-20 10:24:44,280
3010,2005-06-20 10:29:59,567
3011,2005-06-20 10:39:10,147
3012,2005-06-20 10:43:13,206
3013,2005-06-20 10:45:09,290
3014,2005-06-20 10:45:20,434
3015,2005-06-20 10:48:56,23
3016,2005-06-20 10:55:08,558
3017,2005-06-20 11:08:56,151
3018,2005-06-20 11:10:35,112
3019,2005-06-20 11:11:52,144
3020,2005-06-20 11:12:04,74
3021,2005-06-20 11:13:01,62
3022,2005-06-20 11:17:20,466
3023,2005-06-20 11:18:11,106
3024,2005-06-20 11:29:17,328
3025,2005-06-20 11:46:48,293
3026,2005-06-20 11:48:00,347
3027,2005-06-20 11:50:30,397
3028,2005-06-20 11:50:52,264
3029,2005-06-20 11:51:30,317
3030,2005-06-20 11:51:59,395
3031,2005-06-20 11:52:49,491
3032,2005-06-20 11:58:30,172
3033,2005-06-20 12:02:05,107
3034,2005-06-20 12:15:50,296
3035,2005-06-20 12:17:03,62
3036,2005-06-20 12:18:31,399
3037,2005-06-20 12:28:03,434
3038,2005-06-20 12:28:59,27
3039,2005-06-20 12:32:30,186
3040,2005-06-20 12:34:13,162
3041,2005-06-20 12:35:44,459
3042,2005-06-20 12:38:27,291
3043,2005-06-20 12:38:35,599
3044,2005-06-20 12:38:49,424
3045,2005-06-20 12:42:00,459
3046,2005-06-20 12:42:59,559
3047,2005-06-20 12:45:33,13
3048,2005-06-20 12:49:55,482
3049,2005-06-20 12:51:01,403
3050,2005-06-20 13:03:03,557
3051,2005-06-20 13:06:52,65
3052,2005-06-20 13:09:19,329
3053,2005-06-20 13:10:30,329
3054,2005-06-20 13:16:41,322
3055,2005-06-20 13:19:58,23
3056,2005-06-20 13:20:58,95
3057,2005-06-20 13:22:48,307
3058,2005-06-20 13:28:35,137
3059,2005-06-20 13:38:41,266
3060,2005-06-20 13:47:20,446
3061,2005-06-20 13:48:21,330
3062,2005-06-20 13:50:00,75
3063,2005-06-20 13:52:03,515
3064,2005-06-20 13:53:13,276
3065,2005-06-20 13:53:53,227
3066,2005-06-20 13:55:41,268
3067,2005-06-20 13:59:21,349
3068,2005-06-20 14:02:22,516
3069,2005-06-20 14:13:00,237
3070,2005-06-20 14:15:39,543
3071,2005-06-20 14:20:42,582
3072,2005-06-20 14:21:31,423
3073,2005-06-20 14:33:26,471
3074,2005-06-20 14:41:41,299
3075,2005-06-20 14:52:19,161
3076,2005-06-20 15:01:19,109
3077,2005-06-20 15:05:18,303
3078,2005-06-20 15:09:48,367
3079,2005-06-20 15:13:40,350
3080,2005-06-20 15:22:32,377
3081,2005-06-20 15:29:13,342
3082,2005-06-20 15:32:11,164
3083,2005-06-20 15:33:47,257
3084,2005-06-20 15:35:24,514
3085,2005-06-20 15:42:33,166
3086,2005-06-20 15:42:40,377
3087,2005-06-20 15:53:59,111
3088,2005-06-20 15:56:05,384
3089,2005-06-20 15:57:01,151
3090,2005-06-20 16:00:19,267
3091,2005-06-20 16:02:59,383
3092,2005-06-20 16:04:42,347
3093,2005-06-20 16:06:14,556
3094,2005-06-20 16:06:51,114
3095,2005-06-20 16:16:53,298
3096,2005-06-20 16:17:56,79
3097,2005-06-20 16:26:14,280
3098,2005-06-20 16:37:01,498
3099,2005-06-20 16:44:33,380
3100,2005-06-20 16:47:57,487
3101,2005-06-20 16:48:58,384
3102,2005-06-20 16:55:55,522
3103,2005-06-20 16:58:19,553
3104,2005-06-20 17:06:46,196
3105,2005-06-20 17:11:46,385
3106,2005-06-20 17:18:06,201
3107,2005-06-20 17:26:05,303
3108,2005-06-20 17:28:43,189
3109,2005-06-20 17:33:55,93
3110,2005-06-20 17:40:12,333
3111,2005-06-20 17:46:47,579
3112,2005-06-20 17:53:30,35
3113,2005-06-20 17:56:40,517
3114,2005-06-20 17:57:47,8
3115,2005-06-20 17:59:05,457
3116,2005-06-20 18:04:55,108
3117,2005-06-20 18:05:15,31
3118,2005-06-20 18:05:57,125
3119,2005-06-20 18:11:44,296
3120,2005-06-20 18:19:29,107
3121,2005-06-20 18:23:30,132
3122,2005-06-20 18:25:57,87
3123,2005-06-20 18:26:14,289
3124,2005-06-20 18:28:19,113
3125,2005-06-20 18:31:58,382
3126,2005-06-20 18:38:22,5
3127,2005-06-20 18:39:43,461
3128,2005-06-20 18:41:47,543
3129,2005-06-20 18:57:48,495
3130,2005-06-20 19:03:22,341
3131,2005-06-20 19:08:00,146
3132,2005-06-20 19:09:46,90
3133,2005-06-20 19:18:32,120
3134,2005-06-20 19:29:09,537
3135,2005-06-20 19:33:52,12
3136,2005-06-20 19:39:08,377
3137,2005-06-20 19:41:28,505
3138,2005-06-20 19:43:45,570
3139,2005-06-20 19:44:45,354
3140,2005-06-20 19:47:12,53
3141,2005-06-20 19:55:47,398
3142,2005-06-20 19:59:28,9
3143,2005-06-20 20:01:52,215
3144,2005-06-20 20:14:20,114
3145,2005-06-20 20:21:17,144
3146,2005-06-20 20:21:48,339
3147,2005-06-20 20:25:17,390
3148,2005-06-20 20:27:18,202
3149,2005-06-20 20:34:55,55
3150,2005-06-20 20:35:28,34
3151,2005-06-20 20:36:53,77
3152,2005-06-20 20:42:41,246
3153,2005-06-20 20:44:15,430
3154,2005-06-20 20:44:40,550
3155,2005-06-20 21:02:38,450
3156,2005-06-20 21:03:46,365
3157,2005-06-20 21:07:54,245
3158,2005-06-20 21:08:19,592
3159,2005-06-20 21:11:50,388
3160,2005-06-20 21:20:51,561
3161,2005-06-20 21:21:01,373
3162,2005-06-20 21:21:15,113
3163,2005-06-20 21:22:13,391
3164,2005-06-20 21:29:00,270
3165,2005-06-20 21:29:17,85
3166,2005-06-20 21:32:32,424
3167,2005-06-20 21:42:29,464
3168,2005-06-20 21:46:01,446
3169,2005-06-20 21:55:54,50
3170,2005-06-20 22:02:54,421
3171,2005-06-20 22:15:47,140
3172,2005-06-20 22:19:25,31
3173,2005-06-20 22:21:10,33
3174,2005-06-20 22:24:00,107
3175,2005-06-20 22:30:23,249
3176,2005-06-20 22:31:54,371
3177,2005-06-20 22:32:44,300
3178,2005-06-20 22:35:12,79
3179,2005-06-20 22:37:59,163
3180,2005-06-20 22:48:44,162
3181,2005-06-20 22:51:02,238
3182,2005-06-20 22:52:18,15
3183,2005-06-20 22:55:55,129
3184,2005-06-20 22:57:44,457
3185,2005-06-20 22:58:01,234
3186,2005-06-20 23:04:20,406
3187,2005-06-20 23:06:07,150
3188,2005-06-20 23:10:27,522
3189,2005-06-20 23:19:33,538
3190,2005-06-20 23:27:15,200
3191,2005-06-20 23:46:39,522
3192,2005-06-20 23:49:12,11
3193,2005-06-20 23:52:30,260
3194,2005-06-20 23:59:57,432
3195,2005-06-21 00:02:10,165
3196,2005-06-21 00:02:28,52
3197,2005-06-21 00:07:23,362
3198,2005-06-21 00:08:54,295
3199,2005-06-21 00:12:40,234
3200,2005-06-21 00:22:47,221
3201,2005-06-21 00:30:26,597
3202,2005-06-21 00:33:47,273
3203,2005-06-21 00:34:56,158
3204,2005-06-21 00:37:50,336
3205,2005-06-21 00:38:47,31
3206,2005-06-21 00:39:39,350
3207,2005-06-21 00:43:16,86
3208,2005-06-21 00:50:03,229
3209,2005-06-21 00:51:06,307
3210,2005-06-21 01:00:25,75
3211,2005-06-21 01:01:29,415
3212,2005-06-21 01:04:35,21
3213,2005-06-21 01:05:19,534
3214,2005-06-21 01:08:26,142
3215,2005-06-21 01:11:32,279
3216,2005-06-21 01:19:37,534
3217,2005-06-21 01:28:12,463
3218,2005-06-21 01:38:09,117
3219,2005-06-21 01:43:26,129
3220,2005-06-21 01:46:25,574
3221,2005-06-21 01:49:47,454
3222,2005-06-21 01:50:29,501
3223,2005-06-21 02:06:45,299
3224,2005-06-21 02:11:36,173
3225,2005-06-21 02:16:55,448
3226,2005-06-21 02:18:14,576
3227,2005-06-21 02:18:25,568
3228,2005-06-21 02:20:24,535
3229,2005-06-21 02:20:41,81
3230,2005-06-21 02:23:16,83
3231,2005-06-21 02:25:00,28
3232,2005-06-21 02:30:37,555
3233,2005-06-21 02:39:31,353
3234,2005-06-21 02:39:44,459
3235,2005-06-21 02:46:17,49
3236,2005-06-21 02:47:43,550
3237,2005-06-21 02:47:56,466
3238,2005-06-21 02:48:21,77
3239,2005-06-21 02:48:40,328
3240,2005-06-21 02:53:17,405
3241,2005-06-21 02:54:32,499
3242,2005-06-21 02:56:24,562
3243,2005-06-21 03:00:11,426
3244,2005-06-21 03:01:10,53
3245,2005-06-21 03:06:11,358
3246,2005-06-21 03:10:01,41
3247,2005-06-21 03:12:15,277
3248,2005-06-21 03:12:21,78
3249,2005-06-21 03:13:19,410
3250,2005-06-21 03:16:36,467
3251,2005-06-21 03:20:37,317
3252,2005-06-21 03:25:26,213
3253,2005-06-21 03:25:37,405
3254,2005-06-21 03:27:10,472
3255,2005-06-21 03:39:52,482
3256,2005-06-21 03:45:42,319
3257,2005-06-21 03:47:19,263
3258,2005-06-21 03:53:58,241
3259,2005-06-21 03:57:15,478
3260,2005-06-21 03:59:13,380
3261,2005-06-21 04:07:41,169
3262,2005-06-21 04:08:43,9
3263,2005-06-21 04:15:52,118
3264,2005-06-21 04:19:03,340
3265,2005-06-21 04:23:13,437
3266,2005-06-21 04:49:07,175
3267,2005-06-21 04:55:21,134
3268,2005-06-21 04:55:49,329
3269,2005-06-21 05:06:30,17
3270,2005-06-21 05:07:31,86
3271,2005-06-21 05:16:10,196
3272,2005-06-21 05:18:27,550
3273,2005-06-21 05:24:17,104
3274,2005-06-21 05:30:36,277
3275,2005-06-21 05:33:04,368
3276,2005-06-21 05:35:52,425
3277,2005-06-21 05:36:37,229
3278,2005-06-21 05:41:30,554
3279,2005-06-21 06:05:53,462
3280,2005-06-21 06:08:12,229
3281,2005-06-21 06:08:47,363
3282,2005-06-21 06:18:42,224
3283,2005-06-21 06:19:07,372
3284,2005-06-21 06:24:45,1
3285,2005-06-21 06:30:13,481
3286,2005-06-21 06:31:29,577
3287,2005-06-21 06:32:39,62
3288,2005-06-21 06:36:59,299
3289,2005-06-21 06:41:48,115
3290,2005-06-21 06:45:34,293
3291,2005-06-21 06:55:36,274
3292,2005-06-21 06:59:11,412
3293,2005-06-21 06:59:33,481
3294,2005-06-21 07:03:23,439
3295,2005-06-21 07:04:17,573
3296,2005-06-21 07:04:53,284
3297,2005-06-21 07:08:19,193
3298,2005-06-21 07:09:44,492
3299,2005-06-21 07:23:34,199
3300,2005-06-21 07:25:01,565
3301,2005-06-21 07:32:25,444
3302,2005-06-21 07:33:40,594
3303,2005-06-21 07:34:14,361
3304,2005-06-21 07:43:40,431
3305,2005-06-21 07:46:57,578
3306,2005-06-21 07:46:58,406
3307,2005-06-21 07:52:30,85
3308,2005-06-21 07:58:36,96
3309,2005-06-21 08:00:49,463
3310,2005-06-21 08:04:51,395
3311,2005-06-21 08:05:27,518
3312,2005-06-21 08:05:32,554
3313,2005-06-21 08:11:18,213
3314,2005-06-21 08:17:00,185
3315,2005-06-21 08:17:04,438
3316,2005-06-21 08:20:18,451
3317,2005-06-21 08:22:32,584
3318,2005-06-21 08:23:05,414
3319,2005-06-21 08:25:46,461
3320,2005-06-21 08:29:41,47
3321,2005-06-21 08:33:26,144
3322,2005-06-21 08:42:37,458
3323,2005-06-21 08:45:33,272
3324,2005-06-21 08:49:16,29
3325,2005-06-21 08:51:44,185
3326,2005-06-21 09:04:50,347
3327,2005-06-21 09:04:50,62
3328,2005-06-21 09:08:44,292
3329,2005-06-21 09:20:31,335
3330,2005-06-21 09:22:37,294
3331,2005-06-21 09:37:53,352
3332,2005-06-21 09:55:12,82
3333,2005-06-21 10:01:36,111
3334,2005-06-21 10:04:33,66
3335,2005-06-21 10:09:08,339
3336,2005-06-21 10:14:27,173
3337,2005-06-21 10:24:35,318
3338,2005-06-21 10:27:31,171
3339,2005-06-21 10:37:11,526
3340,2005-06-21 10:37:23,540
3341,2005-06-21 10:37:25,591
3342,2005-06-21 10:46:36,196
3343,2005-06-21 10:56:59,466
3344,2005-06-21 10:57:27,277
3345,2005-06-21 11:05:07,71
3346,2005-06-21 11:06:53,189
3347,2005-06-21 11:08:32,448
3348,2005-06-21 11:16:42,16
3349,2005-06-21 11:17:35,336
3350,2005-06-21 11:21:38,20
3351,2005-06-21 11:21:39,386
3352,2005-06-21 11:26:29,510
3353,2005-06-21 11:29:23,236
3354,2005-06-21 11:29:49,529
3355,2005-06-21 11:30:47,275
3356,2005-06-21 11:38:45,403
3357,2005-06-21 11:55:42,57
3358,2005-06-21 11:56:40,69
3359,2005-06-21 12:08:18,67
3360,2005-06-21 12:12:41,498
3361,2005-06-21 12:14:23,268
3362,2005-06-21 12:19:54,454
3363,2005-06-21 12:25:07,261
3364,2005-06-21 12:37:46,201
3365,2005-06-21 12:55:48,133
3366,2005-06-21 13:03:37,511
3367,2005-06-21 13:08:21,80
3368,2005-06-21 13:18:38,438
3369,2005-06-21 13:20:31,431
3370,2005-06-21 13:27:01,559
3371,2005-06-21 13:27:22,595
3372,2005-06-21 13:34:19,346
3373,2005-06-21 13:35:32,316
3374,2005-06-21 13:36:30,279
3375,2005-06-21 13:37:18,279
3376,2005-06-21 13:43:02,318
3377,2005-06-21 13:51:12,428
3378,2005-06-21 13:51:28,387
3379,2005-06-21 13:54:58,566
3380,2005-06-21 13:58:46,483
3381,2005-06-21 14:02:59,183
3382,2005-06-21 14:05:23,341
3383,2005-06-21 14:07:19,239
3384,2005-06-21 14:07:35,91
3385,2005-06-21 14:16:48,514
3386,2005-06-21 14:21:06,190
3387,2005-06-21 14:21:49,305
3388,2005-06-21 14:34:51,119
3389,2005-06-21 14:37:55,395
3390,2005-06-21 15:10:50,151
3391,2005-06-21 15:11:02,45
3392,2005-06-21 15:12:44,38
3393,2005-06-21 15:14:27,362
3394,2005-06-21 15:17:39,295
3395,2005-06-21 15:19:19,66
3396,2005-06-21 15:23:08,371
3397,2005-06-21 15:30:11,552
3398,2005-06-21 15:34:38,599
3399,2005-06-21 15:47:48,98
3400,2005-06-21 15:50:30,298
3401,2005-06-21 15:52:43,577
3402,2005-06-21 15:54:37,187
3403,2005-06-21 15:55:06,264
3404,2005-06-21 15:57:52,424
3405,2005-06-21 15:58:25,155
3406,2005-06-21 16:00:18,203
3407,2005-06-21 16:14:02,343
3408,2005-06-21 16:15:11,282
3409,2005-06-21 16:17:38,429
3410,2005-06-21 16:20:47,321
3411,2005-06-21 16:31:27,12
3412,2005-06-21 16:44:31,501
3413,2005-06-21 16:57:07,322
3414,2005-06-21 16:58:50,226
3415,2005-06-21 16:59:49,444
3416,2005-06-21 17:05:29,76
3417,2005-06-21 17:06:20,282
3418,2005-06-21 17:06:38,85
3419,2005-06-21 17:18:01,22
3420,2005-06-21 17:22:36,27
3421,2005-06-21 17:22:58,346
3422,2005-06-21 17:24:40,251
3423,2005-06-21 17:38:02,19
3424,2005-06-21 17:42:51,583
3425,2005-06-21 18:07:07,381
3426,2005-06-21 18:12:10,95
3427,2005-06-21 18:31:09,561
3428,2005-06-21 18:39:34,40
3429,2005-06-21 18:46:05,599
3430,2005-06-21 18:46:08,503
3431,2005-06-21 18:46:48,516
3432,2005-06-21 19:02:03,216
3433,2005-06-21 19:07:19,228
3434,2005-06-21 19:08:28,141
3435,2005-06-21 19:14:58,591
3436,2005-06-21 19:16:09,137
3437,2005-06-21 19:20:17,211
3438,2005-06-21 19:31:40,556
3439,2005-06-21 19:36:15,46
3440,2005-06-21 19:58:18,491
3441,2005-06-21 20:00:12,326
3442,2005-06-21 20:06:51,255
3443,2005-06-21 20:19:00,377
3444,2005-06-21 20:39:39,45
3445,2005-06-21 20:40:28,74
3446,2005-06-21 20:45:51,174
3447,2005-06-21 20:53:31,25
3448,2005-06-21 20:59:20,476
3449,2005-06-21 21:01:27,181
3450,2005-06-21 21:01:57,126
3451,2005-06-21 21:10:39,558
3452,2005-06-21 21:11:27,293
3453,2005-06-21 21:12:11,278
3454,2005-06-21 21:12:13,524
3455,2005-06-21 21:17:51,340
3456,2005-06-21 21:19:47,150
3457,2005-06-21 21:42:33,312
3458,2005-06-21 21:42:49,338
3459,2005-06-21 21:45:47,97
3460,2005-06-21 21:46:56,236
3461,2005-06-21 21:49:18,23
3462,2005-06-21 21:52:52,568
3463,2005-06-21 22:00:00,96
3464,2005-06-21 22:08:58,251
3465,2005-06-21 22:10:01,510
3466,2005-06-21 22:13:33,226
3467,2005-06-21 22:19:25,543
3468,2005-06-21 22:43:45,100
3469,2005-06-21 22:48:59,181
